INSERT INTO Individuo (CPF, RG, Nome, DataNasc) VALUES
('12345678901', '123456789', 'João Silva', '1980-01-01'),
('23456789012', '234567890', 'Maria Oliveira', '1985-02-15'),
('34567890123', '345678901', 'Carlos Santos', '1990-03-10'),
('45678901234', '456789012', 'Ana Costa', '1995-04-20'),
('56789012345', '567890123', 'Pedro Lima', '2000-05-25'),
('67890123456', '678901234', 'Juliana Alves', '1975-06-30'),
('78901234567', '789012345', 'Fernanda Souza', '1982-07-18'),
('89012345678', '890123456', 'Ricardo Pereira', '1988-08-08'),
('90123456789', '901234567', 'Mariana Ribeiro', '1992-09-12'),
('01234567890', '012345678', 'Lucas Fernandes', '1998-10-05'),
('11234567890', '112345678', 'Bianca Carvalho', '1981-11-23'),
('12234567890', '122345678', 'Gustavo Rocha', '1987-12-30'),
('13234567890', '132345678', 'Isabela Lima', '1993-01-15'),
('14234567890', '142345678', 'Thiago Martins', '1997-02-28'),
('15234567890', '152345678', 'Patricia Mendes', '1983-03-22'),
('16234567890', '162345678', 'Renato Araujo', '1989-04-17'),
('17234567890', '172345678', 'Tatiana Barros', '1994-05-09'),
('18234567890', '182345678', 'Eduardo Moura', '1991-06-11'),
('19234567890', '192345678', 'Roberta Gomes', '1986-07-14'),
('20234567890', '202345678', 'Bruno Barbosa', '1995-08-25'),
('21234567890', '212345678', 'Vanessa Souza', '1992-09-19'),
('22234567890', '222345678', 'Rodrigo Rodrigues', '1984-10-10'),
('23234567890', '232345678', 'Juliana Castro', '1988-11-05'),
('24234567890', '242345678', 'Marcelo Costa', '1979-12-24'),
('25234567890', '252345678', 'Camila Ferreira', '1985-01-18'),
('26234567890', '262345678', 'Rafael Alves', '1990-02-20'),
('27234567890', '272345678', 'Larissa Fernandes', '1996-03-15'),
('28234567890', '282345678', 'Henrique Moreira', '1983-04-29'),
('29234567890', '292345678', 'Carla Teixeira', '1987-05-30'),
('30234567890', '302345678', 'Gabriel Costa', '1991-06-27'),
('31234567890', '312345678', 'Aline Cardoso', '1994-07-14'),
('32234567890', '322345678', 'Leonardo Ribeiro', '1999-08-05'),
('33234567890', '332345678', 'Tatiane Alves', '1982-09-01'),
('34234567890', '342345678', 'Antonio Silva', '1988-10-17'),
('35234567890', '352345678', 'Sandra Rocha', '1977-11-25'),
('36234567890', '362345678', 'Felipe Moura', '1986-12-29'),
('37234567890', '372345678', 'Paula Araujo', '1993-01-10'),
('38234567890', '382345678', 'Fernando Lima', '1984-02-12'),
('39234567890', '392345678', 'Marina Castro', '1989-03-17'),
('40234567890', '402345678', 'Lucas Santos', '1995-04-07'),
('41234567890', '412345678', 'Alessandra Costa', '1990-05-23'),
('42234567890', '422345678', 'Daniel Gomes', '1985-06-14'),
('43234567890', '432345678', 'Viviane Barbosa', '1981-07-19'),
('44234567890', '442345678', 'Alexandre Ferreira', '1978-08-31'),
('45234567890', '452345678', 'Adriana Souza', '1987-09-27'),
('46234567890', '462345678', 'Fábio Rodrigues', '1983-10-23'),
('47234567890', '472345678', 'Raquel Mendes', '1994-11-30'),
('48234567890', '482345678', 'Vinicius Almeida', '1992-12-13'),
('49234567890', '492345678', 'Clarissa Moreira', '1980-01-21'),
('50234567890', '502345678', 'Mauricio Teixeira', '1985-02-26'),
('51234567890', '512345678', 'Priscila Rocha', '1991-03-11'),
('52234567890', '522345678', 'Douglas Oliveira', '1993-04-05'),
('53234567890', '532345678', 'Jéssica Costa', '1986-05-19'),
('54234567890', '542345678', 'Renan Pereira', '1997-06-22'),
('55234567890', '552345678', 'Claudia Fernandes', '1982-07-29'),
('56234567890', '562345678', 'Hugo Martins', '1996-08-13'),
('57234567890', '572345678', 'Natália Silva', '1993-09-07'),
('58234567890', '582345678', 'Ivan Carvalho', '1981-10-20'),
('59234567890', '592345678', 'Fernanda Santos', '1984-11-09'),
('60234567890', '602345678', 'Bruno Oliveira', '1990-12-25'),
('61234567890', '612345678', 'Patricia Lima', '1992-01-14'),
('62234567890', '622345678', 'Gustavo Souza', '1989-02-27'),
('63234567890', '632345678', 'Amanda Almeida', '1995-03-08'),
('64234567890', '642345678', 'Thiago Ribeiro', '1986-04-11'),
('65234567890', '652345678', 'Tatiana Araujo', '1998-05-30'),
('66234567890', '662345678', 'Eduardo Moreira', '1979-06-16'),
('67234567890', '672345678', 'Carolina Ferreira', '1983-07-21'),
('68234567890', '682345678', 'Rodrigo Costa', '1990-08-02'),
('69234567890', '692345678', 'Vanessa Rocha', '1987-09-29'),
('70234567890', '702345678', 'Ricardo Martins', '1991-10-18'),
('71234567890', '712345678', 'Juliana Mendes', '1993-11-22'),
('72234567890', '722345678', 'Marcelo Barbosa', '1985-12-28'),
('73234567890', '732345678', 'Ana Silva', '1988-01-06'),
('74234567890', '742345678', 'João Souza', '1976-02-17'),
('75234567890', '752345678', 'Maria Carvalho', '1983-03-19'),
('76234567890', '762345678', 'Carlos Lima', '1990-04-03'),
('77234567890', '772345678', 'Fernanda Oliveira', '1995-05-27'),
('78234567890', '782345678', 'Pedro Alves', '1987-06-14'),
('79234567890', '792345678', 'Juliana Ribeiro', '1981-07-24'),
('80234567890', '802345678', 'Roberto Costa', '1977-08-05'),
('81234567890', '812345678', 'Amanda Santos', '1989-09-18'),
('82234567890', '822345678', 'Luiz Ferreira', '1983-10-15'),
('83234567890', '832345678', 'Luciana Mendes', '1984-11-30'),
('84234567890', '842345678', 'Marcelo Alves', '1993-12-22'),
('85234567890', '852345678', 'Carla Costa', '1982-01-19'),
('86234567890', '862345678', 'Diego Martins', '1988-02-25'),
('87234567890', '872345678', 'Renata Santos', '1991-03-28'),
('88234567890', '882345678', 'Bruno Souza', '1996-04-12'),
('89234567890', '892345678', 'Tatiana Rocha', '1986-05-29'),
('90234567890', '902345678', 'Fábio Almeida', '1979-06-05'),
('91234567890', '912345678', 'Raquel Ribeiro', '1992-07-13'),
('92234567890', '922345678', 'Vinicius Lima', '1985-08-09'),
('93234567890', '932345678', 'Cláudia Carvalho', '1993-09-06'),
('94234567890', '942345678', 'Felipe Araujo', '1980-10-21'),
('95234567890', '952345678', 'Marina Costa', '1988-11-11'),
('96234567890', '962345678', 'Lucas Teixeira', '1997-12-08'),
('97234567890', '972345678', 'Daniela Rocha', '1981-01-16'),
('98234567890', '982345678', 'Rodrigo Santos', '1985-02-22'),
('99234567890', '992345678', 'Carolina Lima', '1990-03-14'),
('00234567890', '002345678', 'Mauricio Alves', '1983-04-30'),
('01234567901', '012345679', 'Juliana Ferreira', '1995-05-24'),
('02234567890', '022345678', 'Gustavo Souza', '1989-06-07');

INSERT INTO ProcessoJuridico (Procedente, DataInicio, DataTermino) VALUES
(NULL, '2023-01-01', NULL),
(TRUE, '2022-01-15', '2022-02-15'),
(FALSE, '2021-03-10', '2021-04-12'),
(NULL, '2023-02-01', NULL),
(TRUE, '2020-05-05', '2020-06-05'),
(FALSE, '2019-07-07', '2019-08-08'),
(NULL, '2023-03-01', NULL),
(TRUE, '2018-09-09', '2018-10-10'),
(FALSE, '2017-11-11', '2017-12-12'),
(NULL, '2023-04-01', NULL),
(TRUE, '2016-01-01', '2016-02-01'),
(FALSE, '2015-03-03', '2015-04-03'),
(NULL, '2023-05-01', NULL),
(TRUE, '2014-05-05', '2014-06-05'),
(FALSE, '2013-07-07', '2013-08-07'),
(NULL, '2023-06-01', NULL),
(TRUE, '2012-09-09', '2012-10-09'),
(FALSE, '2011-11-11', '2011-12-11'),
(NULL, '2023-07-01', NULL),
(TRUE, '2010-01-01', '2010-02-01'),
(FALSE, '2009-03-03', '2009-04-03'),
(NULL, '2023-08-01', NULL),
(TRUE, '2008-05-05', '2008-06-05'),
(FALSE, '2007-07-07', '2007-08-07'),
(NULL, '2023-09-01', NULL),
(TRUE, '2006-09-09', '2006-10-09'),
(FALSE, '2005-11-11', '2005-12-11'),
(NULL, '2023-10-01', NULL),
(TRUE, '2004-01-01', '2004-02-01'),
(FALSE, '2003-03-03', '2003-04-03');

INSERT INTO Individuo_Processos (ProcessoID, CPF) VALUES
(1, '12345678901'),
(2, '23456789012'),
(3, '34567890123'),
(4, '45678901234'),
(5, '56789012345'),
(6, '67890123456'),
(7, '78901234567'),
(8, '89012345678'),
(9, '90123456789'),
(10, '01234567890'),
(11, '11234567890'),
(12, '12234567890'),
(13, '13234567890'),
(14, '14234567890'),
(15, '15234567890'),
(16, '16234567890'),
(17, '17234567890'),
(18, '18234567890'),
(19, '19234567890'),
(20, '20234567890'),
(21, '21234567890'),
(22, '22234567890'),
(23, '23234567890'),
(24, '24234567890'),
(25, '25234567890'),
(26, '26234567890'),
(27, '27234567890'),
(28, '28234567890'),
(29, '29234567890'),
(30, '30234567890'),
(1, '31234567890'),
(2, '32234567890'),
(3, '33234567890'),
(4, '34234567890'),
(5, '35234567890'),
(6, '36234567890'),
(7, '37234567890'),
(8, '38234567890'),
(9, '39234567890'),
(10, '40234567890');


INSERT INTO Partido (Nome, Numero, Sigla, QntMembros, ProgramaSaude, ProgramaEducacao, ProgramaEconomia) VALUES
('Partido Democrático', 10, 'PD', 50, 'Nosso partido visa garantir o acesso universal e igualitário aos serviços de saúde, promovendo a melhoria contínua do sistema de saúde pública.', 'Defendemos uma educação pública de qualidade, com investimentos na formação de professores e na infraestrutura das escolas.', 'Nosso programa econômico tem como foco principal o estímulo ao empreendedorismo e a geração de empregos, através de políticas de incentivo fiscal e investimentos em infraestrutura.'),
('Partido Liberal', 20, 'PL', 40, 'Acreditamos em um sistema de saúde baseado na livre concorrência e na oferta de serviços de qualidade para todos os cidadãos.', 'Defendemos a liberdade de escolha na educação, apoiando a diversificação de modelos educacionais e o fortalecimento da educação à distância.', 'Nossa visão econômica prioriza a redução da burocracia, a desburocratização do sistema tributário e o estímulo ao empreendedorismo e inovação.'),
('Partido Socialista', 30, 'PS', 60, 'Defendemos um sistema de saúde 100% público e gratuito, com investimentos maciços em hospitais e postos de saúde em todo o país.', 'Nosso objetivo é garantir uma educação pública, laica e de qualidade para todos, com valorização dos profissionais da educação e acesso universal à educação infantil, fundamental e média.', 'Nosso programa econômico propõe a taxação progressiva de grandes fortunas, investimentos em políticas de redistribuição de renda e fortalecimento do mercado interno.'),
('Partido Conservador', 40, 'PC', 30, 'Acreditamos em um sistema de saúde que combine o modelo público e privado, garantindo a qualidade e a eficiência no atendimento.', 'Defendemos uma educação que valorize os princípios tradicionais e o ensino de valores morais e cívicos, promovendo a disciplina e o respeito às autoridades.', 'Nossa visão econômica é baseada na livre iniciativa e no livre mercado, com redução da intervenção estatal e incentivos à iniciativa privada.'),
('Partido Verde', 50, 'PV', 20, 'Nosso partido tem como objetivo promover políticas de preservação ambiental e sustentabilidade, visando o equilíbrio entre desenvolvimento econômico e proteção ambiental.', 'Defendemos uma educação ambiental integrada ao currículo escolar, com ênfase na conscientização e na promoção de práticas sustentáveis.', 'Nossa visão econômica prioriza o desenvolvimento de energias renováveis, a redução da emissão de poluentes e a promoção de uma economia verde e sustentável.');

INSERT INTO Cargo (Nome, Referencia, QntEleitos) VALUES
('Presidente', 'Federal', 1),
('Vice-Presidente', 'Federal', 1),
('Governador', 'Estadual', 27),
('Vice-Governador', 'Estadual', 27),
('Senador', 'Federal', 81),
('Deputado Federal', 'Federal', 513),
('Deputado Estadual', 'Estadual', 1059),
('Prefeito', 'Municipal', 5568),
('Vice-Prefeito', 'Municipal', 5568),
('Vereador', 'Municipal', 56870);

INSERT INTO Candidato (CPF, Numero, Partido_Sigla) VALUES
('12345678901', 1, 'PD'),
('34567890123', 2, 'PL'),
('45678901234', 3, 'PS'),
('67890123456', 4, 'PC'),
('78901234567', 5, 'PV'),
('90123456789', 6, 'PD'),
('01234567890', 7, 'PL'),
('12234567890', 8, 'PS'),
('13234567890', 9, 'PC'),
('15234567890', 10, 'PV'),
('16234567890', 11, 'PD'),
('18234567890', 12, 'PL'),
('19234567890', 13, 'PS'),
('21234567890', 14, 'PC'),
('24234567890', 15, 'PV'),
('25234567890', 16, 'PD'),
('27234567890', 17, 'PL'),
('28234567890', 18, 'PS'),
('31234567890', 19, 'PC'),
('33234567890', 20, 'PV'),
('34234567890', 21, 'PD'),
('36234567890', 22, 'PL'),
('37234567890', 23, 'PS'),
('40234567890', 24, 'PC'),
('42234567890', 25, 'PV'),
('43234567890', 26, 'PD'),
('45234567890', 27, 'PL'),
('46234567890', 28, 'PS'),
('49234567890', 29, 'PC'),
('50234567890', 30, 'PV'),
('51234567890', 31, 'PD'),
('53234567890', 32, 'PL'),
('54234567890', 33, 'PS'),
('57234567890', 34, 'PC'),
('58234567890', 35, 'PV'),
('61234567890', 36, 'PD'),
('62234567890', 37, 'PL'),
('63234567890', 38, 'PS'),
('65234567890', 39, 'PC'),
('67234567890', 40, 'PV');

-- buscar individos ficha limpa:
--SELECT * FROM individuo i LEFT JOIN individuo_processos ip ON I.cpf = ip.cpf
--	LEFT JOIN processojuridico p ON ip.processoid = p.processoid
--		WHERE p.procedente = FALSE OR p.procedente IS NULL

-- teste de ficha limpa: este insert deve falhar:
--INSERT INTO Candidato (CPF, numero, partido_sigla) VALUES
--	('23456789012', 123, 'PD')
		



